🕒 Updated at Sat Jul  5 20:13:44 UTC 2025
🕒 Updated at Sat Jul  5 20:21:30 UTC 2025
🕒 Updated at Sun Jul  6 01:15:01 UTC 2025
🕒 Updated at Mon Jul  7 01:13:08 UTC 2025
🕒 Updated at Tue Jul  8 01:09:24 UTC 2025
🕒 Updated at Wed Jul  9 01:10:07 UTC 2025
🕒 Updated at Thu Jul 10 01:10:07 UTC 2025
🕒 Updated at Fri Jul 11 01:10:40 UTC 2025
🕒 Updated at Sat Jul 12 01:12:29 UTC 2025
🕒 Updated at Sun Jul 13 01:17:20 UTC 2025
🕒 Updated at Mon Jul 14 01:14:07 UTC 2025
🕒 Updated at Tue Jul 15 01:14:00 UTC 2025
🕒 Updated at Wed Jul 16 01:12:05 UTC 2025
🕒 Updated at Thu Jul 17 01:12:29 UTC 2025
🕒 Updated at Fri Jul 18 01:11:51 UTC 2025
🕒 Updated at Sat Jul 19 01:10:02 UTC 2025
🕒 Updated at Sun Jul 20 01:18:50 UTC 2025
🕒 Updated at Mon Jul 21 01:16:19 UTC 2025
🕒 Updated at Tue Jul 22 01:12:30 UTC 2025
🕒 Updated at Wed Jul 23 01:13:42 UTC 2025
🕒 Updated at Thu Jul 24 01:12:45 UTC 2025
🕒 Updated at Fri Jul 25 01:12:19 UTC 2025
🕒 Updated at Sat Jul 26 01:10:55 UTC 2025
🕒 Updated at Sun Jul 27 01:19:13 UTC 2025
🕒 Updated at Mon Jul 28 01:17:41 UTC 2025
🕒 Updated at Tue Jul 29 01:21:11 UTC 2025
🕒 Updated at Wed Jul 30 01:14:09 UTC 2025
🕒 Updated at Thu Jul 31 01:13:48 UTC 2025
🕒 Updated at Fri Aug  1 01:21:17 UTC 2025
🕒 Updated at Sat Aug  2 01:10:38 UTC 2025
🕒 Updated at Sun Aug  3 01:20:20 UTC 2025
🕒 Updated at Mon Aug  4 01:19:12 UTC 2025
🕒 Updated at Tue Aug  5 01:15:48 UTC 2025
🕒 Updated at Wed Aug  6 01:14:08 UTC 2025
🕒 Updated at Thu Aug  7 01:14:39 UTC 2025
🕒 Updated at Fri Aug  8 01:14:27 UTC 2025
🕒 Updated at Sat Aug  9 01:08:16 UTC 2025
🕒 Updated at Sun Aug 10 01:18:03 UTC 2025
🕒 Updated at Mon Aug 11 01:14:55 UTC 2025
🕒 Updated at Tue Aug 12 01:07:19 UTC 2025
🕒 Updated at Wed Aug 13 01:08:59 UTC 2025
🕒 Updated at Thu Aug 14 01:09:34 UTC 2025
🕒 Updated at Fri Aug 15 01:09:28 UTC 2025
🕒 Updated at Sat Aug 16 01:06:03 UTC 2025
🕒 Updated at Sun Aug 17 01:14:16 UTC 2025
🕒 Updated at Mon Aug 18 01:13:34 UTC 2025
🕒 Updated at Tue Aug 19 01:06:09 UTC 2025
🕒 Updated at Wed Aug 20 01:04:03 UTC 2025
🕒 Updated at Thu Aug 21 01:03:19 UTC 2025
🕒 Updated at Fri Aug 22 01:04:19 UTC 2025
🕒 Updated at Sat Aug 23 01:02:00 UTC 2025
🕒 Updated at Sun Aug 24 01:11:38 UTC 2025
🕒 Updated at Mon Aug 25 01:06:39 UTC 2025
🕒 Updated at Tue Aug 26 01:05:15 UTC 2025
🕒 Updated at Wed Aug 27 01:03:09 UTC 2025
🕒 Updated at Thu Aug 28 01:02:05 UTC 2025
🕒 Updated at Fri Aug 29 01:02:26 UTC 2025
🕒 Updated at Sat Aug 30 00:59:22 UTC 2025
🕒 Updated at Sun Aug 31 01:06:37 UTC 2025
🕒 Updated at Mon Sep  1 01:13:16 UTC 2025
🕒 Updated at Tue Sep  2 01:03:34 UTC 2025
🕒 Updated at Wed Sep  3 00:59:22 UTC 2025
🕒 Updated at Thu Sep  4 01:13:07 UTC 2025
🕒 Updated at Fri Sep  5 01:01:01 UTC 2025
🕒 Updated at Sat Sep  6 00:59:34 UTC 2025
🕒 Updated at Sun Sep  7 01:05:48 UTC 2025
🕒 Updated at Mon Sep  8 01:04:34 UTC 2025
🕒 Updated at Tue Sep  9 01:01:49 UTC 2025
🕒 Updated at Wed Sep 10 01:00:23 UTC 2025
🕒 Updated at Thu Sep 11 01:01:43 UTC 2025
🕒 Updated at Fri Sep 12 00:59:46 UTC 2025
🕒 Updated at Sat Sep 13 00:57:05 UTC 2025
🕒 Updated at Sun Sep 14 01:05:16 UTC 2025
🕒 Updated at Mon Sep 15 01:05:30 UTC 2025
🕒 Updated at Tue Sep 16 01:00:16 UTC 2025
🕒 Updated at Wed Sep 17 00:59:55 UTC 2025
🕒 Updated at Thu Sep 18 00:59:48 UTC 2025
🕒 Updated at Fri Sep 19 01:02:32 UTC 2025
🕒 Updated at Sat Sep 20 00:59:00 UTC 2025
🕒 Updated at Sun Sep 21 01:06:48 UTC 2025
🕒 Updated at Mon Sep 22 01:05:57 UTC 2025
🕒 Updated at Tue Sep 23 01:00:20 UTC 2025
🕒 Updated at Wed Sep 24 01:01:03 UTC 2025
🕒 Updated at Thu Sep 25 01:01:32 UTC 2025
🕒 Updated at Fri Sep 26 01:01:24 UTC 2025
🕒 Updated at Sat Sep 27 00:58:54 UTC 2025
🕒 Updated at Sun Sep 28 01:07:48 UTC 2025
🕒 Updated at Mon Sep 29 01:03:06 UTC 2025
🕒 Updated at Tue Sep 30 01:02:19 UTC 2025
🕒 Updated at Wed Oct  1 01:08:32 UTC 2025
🕒 Updated at Thu Oct  2 01:00:13 UTC 2025
🕒 Updated at Fri Oct  3 01:00:02 UTC 2025
🕒 Updated at Sat Oct  4 00:57:47 UTC 2025
🕒 Updated at Sun Oct  5 01:06:56 UTC 2025
🕒 Updated at Mon Oct  6 01:02:10 UTC 2025
🕒 Updated at Tue Oct  7 01:01:04 UTC 2025
🕒 Updated at Wed Oct  8 01:00:44 UTC 2025
🕒 Updated at Thu Oct  9 01:01:27 UTC 2025
🕒 Updated at Fri Oct 10 01:01:16 UTC 2025
🕒 Updated at Sat Oct 11 00:58:41 UTC 2025
🕒 Updated at Sun Oct 12 01:04:14 UTC 2025
🕒 Updated at Mon Oct 13 01:05:44 UTC 2025
🕒 Updated at Tue Oct 14 01:01:31 UTC 2025
🕒 Updated at Wed Oct 15 01:03:12 UTC 2025
🕒 Updated at Thu Oct 16 01:02:35 UTC 2025
🕒 Updated at Fri Oct 17 01:02:14 UTC 2025
🕒 Updated at Sat Oct 18 00:59:44 UTC 2025
🕒 Updated at Sun Oct 19 01:10:13 UTC 2025
🕒 Updated at Mon Oct 20 01:07:20 UTC 2025
🕒 Updated at Tue Oct 21 01:04:08 UTC 2025
🕒 Updated at Wed Oct 22 01:05:07 UTC 2025
🕒 Updated at Thu Oct 23 01:03:53 UTC 2025
🕒 Updated at Fri Oct 24 01:00:06 UTC 2025
🕒 Updated at Sat Oct 25 01:01:25 UTC 2025
🕒 Updated at Sun Oct 26 01:08:28 UTC 2025
🕒 Updated at Mon Oct 27 01:09:28 UTC 2025
🕒 Updated at Tue Oct 28 01:02:36 UTC 2025
🕒 Updated at Wed Oct 29 01:07:15 UTC 2025
🕒 Updated at Thu Oct 30 01:06:52 UTC 2025
🕒 Updated at Fri Oct 31 01:04:40 UTC 2025
🕒 Updated at Sat Nov  1 01:08:27 UTC 2025
🕒 Updated at Sun Nov  2 01:09:20 UTC 2025
🕒 Updated at Mon Nov  3 01:08:04 UTC 2025
🕒 Updated at Tue Nov  4 01:05:07 UTC 2025
🕒 Updated at Wed Nov  5 01:06:49 UTC 2025
🕒 Updated at Thu Nov  6 01:05:55 UTC 2025
🕒 Updated at Fri Nov  7 01:05:13 UTC 2025
🕒 Updated at Sat Nov  8 01:02:28 UTC 2025
🕒 Updated at Sun Nov  9 01:08:47 UTC 2025
🕒 Updated at Mon Nov 10 01:08:49 UTC 2025
🕒 Updated at Tue Nov 11 01:06:37 UTC 2025
🕒 Updated at Wed Nov 12 01:06:16 UTC 2025
🕒 Updated at Thu Nov 13 01:06:32 UTC 2025
🕒 Updated at Fri Nov 14 01:05:49 UTC 2025
🕒 Updated at Sat Nov 15 01:04:27 UTC 2025
🕒 Updated at Sun Nov 16 01:10:36 UTC 2025
🕒 Updated at Mon Nov 17 01:06:59 UTC 2025
🕒 Updated at Tue Nov 18 01:05:36 UTC 2025
🕒 Updated at Wed Nov 19 01:05:53 UTC 2025
🕒 Updated at Thu Nov 20 01:04:31 UTC 2025
🕒 Updated at Fri Nov 21 01:04:55 UTC 2025
🕒 Updated at Sat Nov 22 01:02:49 UTC 2025
🕒 Updated at Sun Nov 23 01:14:55 UTC 2025
🕒 Updated at Mon Nov 24 01:10:40 UTC 2025
🕒 Updated at Tue Nov 25 01:06:04 UTC 2025
🕒 Updated at Wed Nov 26 01:06:33 UTC 2025
🕒 Updated at Thu Nov 27 01:05:01 UTC 2025
🕒 Updated at Fri Nov 28 01:04:07 UTC 2025
🕒 Updated at Sat Nov 29 01:04:39 UTC 2025
🕒 Updated at Sun Nov 30 01:14:21 UTC 2025
🕒 Updated at Mon Dec  1 01:18:54 UTC 2025
🕒 Updated at Tue Dec  2 01:07:36 UTC 2025
🕒 Updated at Wed Dec  3 01:08:12 UTC 2025
🕒 Updated at Fri Dec  5 01:14:54 UTC 2025
🕒 Updated at Sat Dec  6 01:04:32 UTC 2025
🕒 Updated at Sun Dec  7 01:14:48 UTC 2025
🕒 Updated at Mon Dec  8 01:08:35 UTC 2025
🕒 Updated at Tue Dec  9 01:07:55 UTC 2025
🕒 Updated at Wed Dec 10 01:09:52 UTC 2025
🕒 Updated at Thu Dec 11 01:10:29 UTC 2025
🕒 Updated at Fri Dec 12 01:10:33 UTC 2025
🕒 Updated at Sat Dec 13 01:05:41 UTC 2025
🕒 Updated at Sun Dec 14 01:15:19 UTC 2025
🕒 Updated at Mon Dec 15 01:12:31 UTC 2025
🕒 Updated at Tue Dec 16 01:11:21 UTC 2025
🕒 Updated at Wed Dec 17 01:05:37 UTC 2025
🕒 Updated at Thu Dec 18 01:07:02 UTC 2025
🕒 Updated at Fri Dec 19 01:10:31 UTC 2025
🕒 Updated at Sat Dec 20 01:05:54 UTC 2025
🕒 Updated at Sun Dec 21 01:14:48 UTC 2025
🕒 Updated at Mon Dec 22 01:13:31 UTC 2025
🕒 Updated at Tue Dec 23 01:10:26 UTC 2025
🕒 Updated at Wed Dec 24 01:09:39 UTC 2025
🕒 Updated at Thu Dec 25 01:10:12 UTC 2025
🕒 Updated at Fri Dec 26 01:10:38 UTC 2025
🕒 Updated at Sat Dec 27 01:08:35 UTC 2025
🕒 Updated at Sun Dec 28 01:18:38 UTC 2025
🕒 Updated at Mon Dec 29 01:16:22 UTC 2025
🕒 Updated at Tue Dec 30 01:10:43 UTC 2025
🕒 Updated at Wed Dec 31 01:11:54 UTC 2025
🕒 Updated at Thu Jan  1 01:18:29 UTC 2026
